,year,zipcode,totalpop,some_hs,hs_grad,some_college,bach_degree,grad_degree,pov_below_100,pov_100_150,pov_150_plus,yes_public_assistance,no_public_assistance,gini,median_household_income,per_capita_income,d
1,2015,94014,49008.83333,6070.833333,8784.666667,9612.666667,8007.333333,1656.166667,5520.166667,4727.666667,38709.33333,207.3333333,13300.83333,0.417366667,76607.33333,26248.83333,6070195.218
2,2015,94030,22519.66667,1231.333333,2844.5,5303.166667,4320.166667,2808.5,1253.666667,885.1666667,20084.33333,120.3333333,7905.666667,0.438,109270.8333,44454.33333,4689954.926
3,2015,94066,42484.5,3639.333333,6409.5,9720,7772.833333,2988.333333,2830,1831.166667,37722.5,345.3333333,14221.66667,0.4098,91581.33333,36353,7352048.04
4,2015,94080,66863.33333,7423.833333,10560.66667,15250,11554.83333,3258.5,4976.5,6043.5,55711.16667,297.8333333,21466.83333,0.410416667,91356.83333,32776.66667,7493343.789
5,2015,94102,29325.16667,4686.5,3762.5,6625.166667,6023.833333,3721,8128,4960.333333,15490.66667,857.3333333,15756.66667,0.605666667,33569.66667,34285,3557398.282
6,2015,94104,200.8333333,13.66666667,22.5,25.83333333,55.33333333,53.16666667,5,-14.66666667,210.5,13.5,124.6666667,0.683433333,56801.16667,156447,4646955.17
7,2015,94110,71615.33333,7727.166667,7127.166667,12032.5,18377,10984.33333,9452,5111.666667,56218.83333,1029.5,26511.83333,0.505833333,92259.83333,51429.33333,6738375.797
8,2015,94111,3457,410,225.6666667,360.1666667,1166.833333,733.5,500.6666667,124,2832.333333,21.83333333,2045,0.537483333,133503.1667,90070.66667,2911480.952
9,2015,94112,83986.83333,13606.66667,14857.83333,16579,12304.83333,5055.666667,8463.333333,8965.5,65876.83333,665.5,22812.16667,0.4263,71980.83333,27478.83333,5861139.377
10,2015,94131,28798.33333,905.5,1515.333333,4857,8447.5,7920.5,1598.333333,806.8333333,25802.5,162.1666667,13138.16667,0.4381,139376.8333,65305.83333,5130797.451
11,2015,94520,39566.66667,5968.666667,6756.5,7581.333333,3718,1419.166667,8315.833333,5403,25664.66667,703.1666667,12189,0.419616667,50166,21132.5,3038335.468
12,2015,94530,24492.16667,1147.833333,2097.833333,4258.666667,5567.666667,5645.333333,2045.666667,1133.833333,21234.33333,205.3333333,9938.5,0.4229,105798.3333,46003.66667,2788063.87
13,2015,94536,71800.33333,5000.666667,10789.5,11442.66667,12720.33333,9406.833333,6428.333333,4444.833333,60656.16667,1064.666667,22961.5,0.422766667,103385.1667,39088.16667,7493883.387
14,2015,94541,63903.66667,8373.5,11430.66667,12793.33333,6838,2721.166667,12127.83333,6090.833333,44552.66667,1307.166667,19006,0.420666667,63404.33333,24591.16667,5216700.89
15,2015,94544,76935.66667,12495.83333,14490.16667,14626,7160.166667,2306.5,11647.66667,8237.833333,56412.16667,1023,21513.33333,0.428533333,64752.33333,23186.5,4906968.598
16,2015,94546,43919.33333,2546.666667,7155.166667,11395,6251.333333,3471,4643,3180.5,35620,462.8333333,15967.66667,0.409433333,86844.66667,35439.16667,5827991.088
17,2015,94549,28789.33333,400.3333333,1407.833333,3765.166667,7267.166667,7260.833333,1477,1229.5,25898.83333,97,10675.16667,0.477383333,169955.5,69326.33333,3644825.836
18,2015,94563,18526.33333,264.6666667,596.5,1985.333333,5888.666667,4270.333333,217,297.6666667,17981,21.66666667,6679.833333,0.47395,221496.3333,88278,4544151.439
19,2015,94565,88419.66667,11945.5,14289.16667,18656.33333,7318.666667,2578.166667,18619.66667,9362.5,59878.5,1437.833333,24845.66667,0.4389,59766.16667,21717.33333,5328180.696
20,2015,94568,49282.16667,2792.166667,4816.166667,8691.666667,11950.83333,6421.833333,1766,1587.166667,42173.83333,309.6666667,16277.5,0.373933333,128200.3333,45153.5,6597945.239
21,2015,94577,46438.16667,5101.5,8488.833333,8970.666667,7080.666667,3181.666667,5238.166667,3677.333333,37219.66667,440.8333333,16549.66667,0.417766667,81361.33333,31068.66667,5274502.449
22,2015,94578,38741.5,5478.666667,7498.166667,7180.166667,3950,1514.166667,6404,4515.833333,27103.5,339.1666667,13846.33333,0.424533333,52511.83333,23428.66667,3467087.524
23,2015,94587,72623,6514.333333,13624.33333,13399,12193.66667,5050,6251.333333,5586.666667,60555,934.6666667,19710,0.40385,93330.16667,30349.66667,6101244.617
24,2015,94588,32648,936,2386.666667,5241.833333,7390.833333,5657.666667,1167.5,839.5,30604.33333,141.6666667,10765.5,0.383683333,141072.6667,50997.66667,4579740.741
25,2015,94596,21105.66667,475,1428.833333,4183.166667,6178.166667,3224.666667,1870.333333,861,18365,192.1666667,9569.833333,0.445016667,105805.5,48473.5,2642749.455
26,2015,94597,20888.16667,371,1741.333333,3886.833333,6165,4050.5,1710.5,589.6666667,18521.66667,16.5,9699.333333,0.431233333,106004,52424.33333,2970510.782
27,2015,94601,50335.66667,12746.83333,6229.166667,7715.833333,4143.333333,1794.5,14080.16667,7654.666667,27957.16667,1314.333333,13349,0.435333333,40181.66667,16556.5,3674877.835
28,2015,94607,25336,3944.333333,3236.333333,4526.5,4278.5,2122.5,7641,4217.333333,13017.33333,1055.166667,10348.5,0.529783333,31305.16667,27258.16667,1793391.639
29,2015,94609,22534,1233.833333,2520.666667,5090.333333,5170,3769.5,4008.166667,1904.833333,16275,495.6666667,9357.666667,0.46435,82510.83333,36159.66667,1441750.6
30,2015,94612,15180.33333,2802.5,1847.166667,3024.166667,3306.333333,1764.5,4857.833333,1867,8271,297.1666667,7869.833333,0.525483333,36721.5,29316.83333,1785196.97
31,2015,94618,17001.66667,294.6666667,796.6666667,1667,4656,5876,751.6666667,359.8333333,15579.33333,130,6922.166667,0.466316667,170892.3333,72943.5,3637600.658
32,2015,94621,32778.16667,7677.5,5009.666667,4374.833333,884,271.6666667,12346.66667,5487.166667,14696.33333,1460,7825.333333,0.447233333,30003.16667,12160.33333,3522027.66
33,2015,94702,17217.83333,901.1666667,1268,2895.666667,3782,3618.666667,3183.5,658.1666667,13313,210.3333333,7454.666667,0.4622,103593.6667,37112.16667,2193566.162
34,2015,94703,21692.83333,780.1666667,1817.333333,2863.833333,5174.5,4754.166667,3953.333333,1573.5,16133.16667,486.5,8578.833333,0.501666667,102611.8333,38195.66667,1504089.4
35,2015,94704,27527,239.8333333,920.8333333,1837.5,2893.833333,2614.333333,9186.166667,1798.833333,9252.166667,140,7925.5,0.621616667,57556.16667,21652.16667,3099925.68
36,2015,94801,29350.66667,6818.666667,3716.833333,4335.166667,2040.666667,1159.5,7475.666667,5508.5,16125.66667,648.5,8471.833333,0.493816667,40512.5,18544.33333,2725070.143
37,2016,94014,49476.58333,6193.083333,9125.666667,9441.666667,8179.333333,1699.416667,5956.916667,5011.333333,38486,122,13346.75,0.424616667,77174,26369.91667,5973484.731
38,2016,94030,22840,1189.666667,2739.916667,5413.916667,4371.25,3019.916667,1266.166667,891.75,20393,126.3333333,7900,0.442983333,113377.0833,45515,4629274.023
39,2016,94066,42873.58333,3904.666667,6393.75,9587.333333,7835.25,3127.666667,2860.833333,1828.083333,38175.25,374.1666667,14080.83333,0.417683333,93191.33333,36817,7157686.326
40,2016,94080,67700.83333,7612.25,10518.5,15846.33333,12128.75,3143.083333,5182.416667,6390.75,56075.91667,298.4166667,21601.58333,0.415025,93663.08333,33227.5,7272377.753
41,2016,94102,30750.25,4874.416667,3739.583333,7011.416667,6430.083333,4121,8538.5,5156.333333,16266,800.5,16366.83333,0.60475,33686.66667,35908.66667,3755245.02
42,2016,94104,178.0833333,2,12.08333333,32.91666667,45.83333333,58.08333333,-24.33333333,-41.5,243.9166667,18.75,106.5,0.713133333,58691.75,189793.8333,5164687.96
43,2016,94110,71697.33333,7481.25,6821.25,12694.58333,18720.66667,10897.16667,9339.666667,5094.5,56317.08333,1051.75,26570.25,0.517616667,96586.91667,53959.16667,6656699.338
44,2016,94111,3441.166667,398.3333333,209.5,338.0833333,1213.75,664.4166667,563.5,23.5,2854.166667,22.91666667,2000.333333,0.524025,135137.25,91434.5,3009924.863
45,2016,94112,84899.58333,13397.5,14988.25,17216.5,12555.91667,5310.666667,8618.666667,8887.75,66684.41667,711.0833333,23313.08333,0.432466667,70387.58333,28076.75,5885421.238
46,2016,94131,29332.16667,895.9166667,1323.333333,4898.166667,8768.583333,8187.916667,1435,652.9166667,26615.91667,152.9166667,13289.91667,0.437316667,143301.75,66932.58333,5231019.26
47,2016,94520,40398.5,5961.666667,6755.083333,7870.166667,3933.666667,1463.583333,8767.583333,5245,26218.83333,785.0833333,12184.16667,0.427091667,50744,21138.91667,2970124.779
48,2016,94530,24685.75,1056.75,2070.416667,4229.5,5594.666667,5745.666667,2108,1089.75,21430.5,221.8333333,9894.75,0.42355,108292.5,46907.33333,2790931.631
49,2016,94536,72777,5052.166667,10375.58333,11698,13023.83333,9856.75,7018,4476.583333,61092.41667,1089.833333,23077.91667,0.428383333,105833.25,40091.58333,7394552.704
50,2016,94541,65058,8204.083333,11641.5,13210,6994.333333,2782.416667,12723.41667,6178.916667,45023.5,1315.083333,19136.83333,0.419233333,64365.33333,24604.41667,5264049.275
51,2016,94544,77242.33333,12997.75,14573.25,14942.33333,7220.416667,2335.75,12129.83333,8721.75,55754.91667,987.6666667,21858.66667,0.440733333,64227.16667,23460.08333,4849017.623
52,2016,94546,44401.66667,2623.333333,7046.916667,11886.83333,6124.333333,3591.166667,4903.833333,3599.416667,35383.83333,480.75,16118.66667,0.404083333,86737.5,35318.58333,5983061.796
53,2016,94549,29280.33333,374.5,1413.583333,3865.083333,7172.583333,7597.083333,1719.166667,1344.083333,26009.75,109.8333333,10785.91667,0.483325,172922.25,69528.66667,3649132.703
54,2016,94563,18775,270.8333333,587.75,2045.333333,6168.666667,4195.5,197.3333333,265.1666667,18289.33333,22.66666667,6785.25,0.488158333,231726.6667,92442.83333,4611406.14
55,2016,94565,89483.83333,11658.25,14277.25,19326.66667,7673,2684.75,19346.66667,9689.583333,59876.25,1469.583333,25044.66667,0.440533333,59675.41667,21547.66667,5382705.92
56,2016,94568,50393.91667,2825.916667,4740.916667,8731.833333,12611.75,6822.083333,1808.833333,1618.083333,43414.25,335.3333333,16770.25,0.37765,129190.1667,46031.25,6650205.256
57,2016,94577,47168.91667,5046.083333,8696.416667,9011,7341.666667,3309.333333,5847.916667,3440.333333,37580,387.25,16775.16667,0.419216667,82876.33333,31446,5525988.248
58,2016,94578,38764.91667,5436.333333,7843.416667,7109.083333,3783.333333,1536.25,6536.166667,4896.75,26688.25,214.5833333,14241.33333,0.434433333,49113.25,23475.33333,3611773.472
59,2016,94587,73570.83333,6498.666667,14476.66667,14146.66667,12081,5110.5,6497,5714.833333,61128.83333,919.5,19837.33333,0.406391667,93438.08333,30546.16667,6005865.9
60,2016,94588,33423,943.1666667,2403.666667,5284.583333,7597.916667,5996.333333,1055.25,760.4166667,31568.83333,133.6666667,10899.58333,0.377291667,143664.3333,51474.33333,4733891.119
61,2016,94596,21445.66667,479.5,1320.416667,4337.75,6348.083333,3199.166667,2170.166667,646,18639.5,240.5833333,9717.583333,0.442041667,103332.5833,48434.41667,2666676.955
62,2016,94597,21224.25,357.3333333,1857.333333,3702.916667,6480.5,4151.083333,1926.083333,422.3333333,18806.5,22.91666667,9730.833333,0.430633333,107527.5,52956.33333,2989500.263
63,2016,94601,50769,13138.41667,5827.916667,7957.916667,4533.833333,1944.416667,14075.25,7586.166667,28524.08333,1315.333333,13430.5,0.434133333,41002.16667,16698.91667,3694088.792
64,2016,94607,25747.5,3822.333333,3298.666667,4512.583333,4639.583333,2312.25,7713.833333,4526.166667,13050.83333,1120.25,10674.58333,0.534791667,30657.91667,28482.41667,1892617.21
65,2016,94609,23024.66667,1179.916667,2558.166667,5390.5,5159.166667,4060.916667,4118.916667,1958.25,16582.66667,420.5,9457.333333,0.463258333,87599.25,37427.83333,1548744.191
66,2016,94612,15866.16667,3006.25,1775.083333,3198.583333,3628.333333,1882.583333,5146.083333,1714.5,8835.833333,289.9166667,8051.75,0.519725,37441.75,29582.08333,1753497.155
67,2016,94618,16951.33333,305.8333333,817.3333333,1779.666667,4548,5843.5,676.8333333,353.25,15584.16667,141.3333333,6736.083333,0.460191667,171892,72774.41667,3720522.994
68,2016,94621,33248.58333,7818.25,5050.666667,4477.083333,885.3333333,277.3333333,13200.66667,5505.083333,14300.66667,1532.666667,7915.166667,0.449166667,28972.25,11976.66667,3712195.779
69,2016,94702,17596.91667,870.9166667,1205.166667,2953.166667,3748.666667,3815,3524.75,281.75,13740.33333,219.6666667,7569.333333,0.456783333,109335.8333,37731.08333,2331078.181
70,2016,94703,21962.58333,606.75,1927.666667,2778.416667,5502.916667,4940.583333,3960.333333,1495.583333,16479.91667,522.9166667,8675.416667,0.506166667,109086.25,39448.83333,1592414.134
71,2016,94704,28739.66667,251.25,1075.916667,1975.916667,2905.416667,2691.166667,9847.416667,1844.416667,9323.916667,154,7948.583333,0.646225,60108.08333,22224.91667,3400316.99
72,2016,94801,29297.5,6982.333333,3658.916667,4335.75,2091,1167.083333,7435.5,6065.083333,15557,633.4166667,8493.583333,0.491041667,38271.58333,18186.33333,2870706.806
73,2017,94014,49987.73611,6299.819444,9493.388889,9262.222222,8364.111111,1731.597222,6406.347222,5320.722222,38264.44444,34.94444444,13390.98611,0.432097222,77575.61111,26416.56944,5889175.003
74,2017,94030,23161.72222,1141.444444,2634.625,5527.847222,4415.513889,3235.958333,1277.638889,890.9305556,20710.77778,130.1111111,7893.055556,0.447858333,117502.1528,46602.44444,4577924.506
75,2017,94066,43273.625,4200.277778,6350.375,9488.666667,7909.402778,3251.944444,2901.583333,1814.597222,38633.625,405.3611111,13925.30556,0.425991667,94998.27778,37303,6962536.861
76,2017,94080,68540.36111,7827.402778,10421.97222,16472.83333,12751.81944,3026.541667,5398.708333,6764.875,56404.34722,299.9861111,21784.40278,0.420001389,95928.98611,33712.47222,7052168.039
77,2017,94102,32255.51389,5076.875,3730.291667,7382.097222,6811.986111,4544.833333,8961.583333,5374.444444,17084.38889,726.8611111,17004.97222,0.603480556,34007.38889,37573.83333,3970256.15
78,2017,94104,161.3194444,-8.444444444,2.875,40.56944444,38.02777778,63.76388889,-48.66666667,-65.13888889,275.125,24.375,89.30555556,0.747694444,56505.26389,223718.75,5537090.814
79,2017,94110,71685.11111,7223.013889,6534.680556,13409.95833,19008.66667,10737.69444,9211.666667,5042.472222,56368.48611,1067.541667,26592.23611,0.528486111,101147.9028,56373.69444,6592246.099
80,2017,94111,3423.416667,386.6666667,190.9722222,321.5972222,1259.486111,590.7083333,629.4722222,-84.58333333,2878.527778,24.23611111,1958.666667,0.510723611,136966.6806,93124.13889,3133405.374
81,2017,94112,85725.23611,13181.13889,15087.23611,17810.91667,12843.56944,5553.888889,8714.277778,8749.541667,67521.98611,752.5416667,23801.09722,0.438666667,68701.73611,28728.65278,5916220.514
82,2017,94131,29985.52778,879.625,1143.111111,4958.916667,9127.291667,8457.958333,1284.777778,497.7361111,27533.95833,144.8472222,13461.34722,0.436691667,146550.4861,68404.40278,5310267.436
83,2017,94520,41297.97222,5972.722222,6749.875,8158.361111,4162,1530.347222,9206.402778,5117.666667,26823.63889,868.4305556,12186.08333,0.433818056,51336.16667,21148.79167,2926947.129
84,2017,94530,24879.59722,970.6527778,2040.819444,4213.805556,5599.888889,5837.611111,2152.888889,1049.819444,21636.52778,240.0277778,9844.375,0.423908333,110819.1944,47788.88889,2804516.636
85,2017,94536,73762.61111,5109.305556,9959.125,11949.88889,13346.52778,10308.48611,7578.277778,4480.402778,61591.26389,1120.472222,23172.79167,0.433830556,108209.1806,41075.34722,7280443.564
86,2017,94541,66261.55556,8035.541667,11889.63889,13667.61111,7101,2844.097222,13309.31944,6308.902778,45512.63889,1318.763889,19272.58333,0.417688889,65363.94444,24583.43056,5295656.201
87,2017,94544,77532.55556,13444.48611,14694.34722,15249.83333,7276.097222,2357.208333,12560.80556,9220.986111,55119.84722,951.8333333,22184.77778,0.453061111,63805.69444,23755.375,4821053.202
88,2017,94546,44932.94444,2701.555556,6931.180556,12386.25,5992.277778,3727.25,5158.25,4019.708333,35209.41667,495.3194444,16276.38889,0.399319444,86687.30556,35197.68056,6124799.689
89,2017,94549,29775.27778,344.5277778,1421.569444,3946.097222,7095.847222,7951.819444,1970.583333,1456.708333,26115.48611,122.4166667,10904.84722,0.488690278,175967.4583,69731.94444,3680658.383
90,2017,94563,19023.44444,274.6388889,572.0416667,2110.777778,6445.222222,4134.361111,175.5,225.1388889,18608.33333,23.55555556,6903.402778,0.503479167,242147.9444,96928.75,4687662.346
91,2017,94565,90555.97222,11348.45833,14257.51389,20025.11111,8035.388889,2794.263889,20096.22222,9971.458333,59899.45833,1504.569444,25207.22222,0.4414,59632.93056,21328.94444,5444716.364
92,2017,94568,51463.68056,2856.013889,4671.013889,8791.972222,13274.31944,7213.986111,1862.75,1662.930556,44589.73611,360.8888889,17286.29167,0.382519444,129831.1944,47060.125,6683174.555
93,2017,94577,47988.34722,4995.541667,8911.486111,9076.555556,7600.888889,3417.388889,6465.013889,3240.777778,37983.05556,337.5694444,16993.97222,0.420213889,84434.77778,31766.22222,5772191.486
94,2017,94578,38714.79167,5384.055556,8180.597222,7064.430556,3591.833333,1558.347222,6597.25,5258.819444,26294.125,80.18055556,14633.11111,0.443611111,45718.06944,23531.88889,3820647.207
95,2017,94587,74525.41667,6487.111111,15347.77778,14898,11952.22222,5187.25,6718.444444,5804.305556,61773.25,910.8055556,19955.33333,0.408329167,93605.43056,30787.13889,5926984.098
96,2017,94588,34216.66667,955.25,2422.222222,5325.402778,7800.902778,6343.222222,923.125,665.0416667,32589.69444,125.3888889,11027.29167,0.371023611,146652.7222,52001.72222,4879800.679
97,2017,94596,21803.38889,483.4166667,1212.319444,4469.263889,6543.930556,3181.972222,2485.694444,409.8333333,18937.58333,293.0138889,9874.736111,0.440993056,101170.125,48666.54167,2679364.673
98,2017,94597,21569.18056,349.8333333,1966.611111,3523.569444,6770.916667,4249.375,2132.375,263.5555556,19100.97222,29.79166667,9756.361111,0.428777778,108549.4167,53329.44444,3028125.585
99,2017,94601,51219.38889,13562.48611,5387.013889,8191.569444,4928.694444,2107.875,14113.34722,7471.805556,29115.09722,1317.444444,13521.41667,0.433861111,41991.63889,16852.29167,3732918.137
100,2017,94607,26075.75,3705.777778,3351.277778,4450.291667,5016.291667,2510.291667,7753.583333,4825.861111,13039.02778,1184.180556,10977.45833,0.540090278,30047.51389,29791.59722,2016936.337
101,2017,94609,23569.83333,1120.402778,2584.805556,5720.361111,5152.75,4359.458333,4289.013889,2012.569444,16883.83333,353.4722222,9543.222222,0.462345833,92969.73611,38612.47222,1692736.975
102,2017,94612,16549.86111,3192.125,1718.763889,3366.180556,3955.777778,1987.958333,5416.319444,1555.416667,9421.583333,286.8472222,8228.486111,0.513440278,38197.70833,29862.31944,1739788.131
103,2017,94618,16887.88889,316.6388889,827.0555556,1892.333333,4432.333333,5810.25,596.6388889,349.2361111,15573.02778,153.6666667,6547.263889,0.454518056,173899.2778,72785.875,3818428.505
104,2017,94621,33726.18056,7954.291667,5102.222222,4595.819444,882.8333333,287.5555556,14078.05556,5539.263889,13873.61111,1611.5,8018.861111,0.451427778,27897.01389,11812.27778,3909535.138
105,2017,94702,17993.73611,836.6805556,1135.75,3020.305556,3708,4006.888889,3870.041667,-73.40277778,14157.83333,227.7777778,7676.222222,0.450975,114997.8056,38294.09722,2506685.886
106,2017,94703,22211.40278,434.7638889,2039.444444,2674.986111,5826.791667,5132.180556,3969.944444,1424.625,16795.68056,559.2916667,8769.486111,0.509938889,115533.0694,40681.80556,1707484.777
107,2017,94704,29981.66667,259.4027778,1234.236111,2114.125,2904.486111,2772.194444,10503.59722,1910.819444,9404.180556,166.1666667,7958.625,0.670284722,62490.76389,22813.34722,3708675.156
108,2017,94801,29205.47222,7110.222222,3608.569444,4324.930556,2148.888889,1178.041667,7360.472222,6668.375,14941.55556,623.5416667,8503.069444,0.488526389,35952.79167,17882.61111,3030367.328
109,2018,94014,50478.03472,6409.243056,9844.527778,9105.111111,8539.222222,1765.298611,6846.006944,5616.25,38047.11111,-49.63888889,13434.04861,0.439565278,78036.19444,26501.39583,5828285.973
110,2018,94030,23482.13889,1095.833333,2531.368056,5640.923611,4464.201389,3449.201389,1289.486111,890.9097222,21026.44444,134.7222222,7885.638889,0.452606944,121470.0764,47654.77778,4530707.276
111,2018,94066,43667.42361,4478.083333,6316.520833,9387.611111,7976.590278,3385.583333,2938.402778,1801.854167,39092.64583,436.125,13779.875,0.434073611,96734.47222,37786.16667,6769957.106
112,2018,94080,69382.84722,8024.756944,10365.93056,17075.69444,13333.29861,2916.548611,5619.909722,7119.604167,56750.50694,302.4375,21941.53472,0.424761806,98182.15972,34169.18056,6848935.866
113,2018,94102,33701.86806,5267.659722,3704.590278,7764.048611,7202.326389,4949.583333,9382.791667,5576.888889,17862.80556,663.6527778,17619.04167,0.602801389,34132.69444,39202.30556,4199245.089
114,2018,94104,141.6597222,-19.61111111,-6.951388889,47.89583333,29.34722222,69.27083333,-74.94444444,-91.01388889,307.6180556,29.6875,71.76388889,0.780213889,56818.57639,257108.9861,5719892.667
115,2018,94110,71738.55556,6975.451389,6230.284722,14102.75694,19324.55556,10627.95833,9121.722222,4996.347222,56443.40972,1088.9375,26635.17361,0.539704167,105592.7292,58827.45833,6514101.729
116,2018,94111,3405.930556,375.7777778,173.5972222,303.1875,1307.465278,517.7430556,690.3472222,-185.7916667,2901.375,25.5625,1915.611111,0.498350694,138687.9514,94764.68056,3265642.137
117,2018,94112,86601.45139,12981.68056,15186.34028,18435.625,13102.5625,5805.944444,8849.416667,8656.4375,68327.9375,796.3819444,24288.9375,0.444688889,67073.70139,29334.04861,5940649.394
118,2018,94131,30561.54167,862.5347222,954.3888889,5009.013889,9459.256944,8722.034722,1130.277778,345.4791667,28377.36806,135.7569444,13614.50694,0.435918056,150043.2986,69912.53472,5380880.683
119,2018,94520,42162.26389,5976.527778,6747.881944,8450.958333,4384.222222,1584.5625,9646.868056,4985,27395.375,949.4375,12184.26389,0.440792361,51935.91667,21156.45139,2904465.202
120,2018,94530,25072.90972,886.7152778,2014.1875,4191.180556,5613.777778,5933.25,2207.222222,1010.131944,21834.48611,256.8472222,9799.6875,0.424470833,113283.1528,48661.5,2816469.886
121,2018,94536,74765.02778,5164.652778,9574.340278,12201.22222,13648.26389,10752.13194,8160.027778,4508.868056,62062.29861,1151.791667,23279.45139,0.439370833,110556.2014,42042.22917,7154054.215
122,2018,94541,67442.38889,7874.881944,12109.43056,14103.69444,7239.611111,2904.381944,13912.4375,6412.729167,45985.09722,1325.4375,19403.90278,0.416266667,66331.97222,24577.04861,5328357.181
123,2018,94544,77851.16667,13917.46528,14793.11806,15574.02778,7340.548611,2380.4375,13012.625,9704.215278,54506.59028,914.8055556,22516.83333,0.465147222,63357.125,24034.79861,4828850.727
124,2018,94546,45437.91667,2772,6821.923611,12878.90278,5863.305556,3854.013889,5414.236111,4439.743056,35004.31944,512.0486111,16427.19444,0.394393056,86630.09722,35080.72917,6253728.818
125,2018,94549,30268.30556,314.9861111,1428.284722,4038.270833,7012.8125,8299.243056,2215.347222,1571.298611,26225.13194,134.6527778,11024.42361,0.494200694,178984.3958,69954.08333,3727312.685
126,2018,94563,19270.94444,280.5416667,558.8541667,2171.888889,6722.611111,4067.402778,154.6944444,189.4027778,18920.44444,24.27777778,7013.756944,0.517717361,252424.25,101166.9861,4772830.349
127,2018,94565,91617.54167,11064.39583,14239.36806,20701.33333,8389.805556,2904.076389,20833.94444,10264.84028,59914.22917,1537.951389,25384.11111,0.442677778,59556.96528,21138.41667,5506558.251
128,2018,94568,52566.67361,2894.340278,4594.506944,8835.375,13942.04861,7612.326389,1914.486111,1705.354167,45802.92361,386.6666667,17797.14583,0.386881944,130695.7083,48020.5625,6706110.99
129,2018,94577,48746.67361,4945.715278,9124.1875,9126.555556,7851.611111,3540.25,7060.340278,3032.055556,38357.13889,287.1736111,17219.15278,0.421340278,85958.72222,32123.05556,6001412.112
130,2018,94578,38716.28472,5340.083333,8518.131944,7009.770833,3420.027778,1583.451389,6691.680556,5621.965278,25913.5625,-46.35416667,15021.55556,0.452822222,42440.75694,23570.83333,4046876.008
131,2018,94587,75476.65278,6477.333333,16195.16667,15636.38889,11835.88889,5258.291667,6951.944444,5931.875,62363.90278,900.5138889,20076.94444,0.410736806,93771.77083,31005.06944,5849946.897
132,2018,94588,34994.83333,966.1805556,2440.777778,5371.534722,8001.395833,6681.5,808.8958333,582.5763889,33563.51389,117.8611111,11158.09028,0.365139583,149361.9167,52487.25,4999236.702
133,2018,94596,22150.19444,484.7083333,1109.270833,4613.743056,6726.520833,3157.152778,2788.458333,189.9166667,19220.95833,342.3958333,10026.86806,0.438929861,98895.67361,48733.15972,2734347.452
134,2018,94597,21894.20139,338.8611111,2072.972222,3341.0625,7070.791667,4347.631944,2340.465278,104.1666667,19374.26389,36.28472222,9779.013889,0.427905556,109811.875,53796.72222,3062172.271
135,2018,94601,51646.63889,13959.52083,4970.006944,8432.895833,5321.180556,2265.326389,14124.78472,7375.402778,29691.27083,1321.222222,13601.875,0.433013889,42843.81944,17001.70139,3781450.284
136,2018,94607,26461.375,3590.388889,3411.416667,4415.423611,5379.923611,2702.145833,7824.069444,5130.708333,13051.68056,1249.534722,11289.84028,0.54525625,29384.09028,31031.96528,2174542.849
137,2018,94609,24085.13889,1062.145833,2624.069444,6031.069444,5146.097222,4650.618056,4425.673611,2069.506944,17186.13889,284.8472222,9634.5,0.461367361,98156.92361,39832.125,1869495.373
138,2018,94612,17233.70833,3383.729167,1654.604167,3534.8125,4279.555556,2100.923611,5701.993056,1399.541667,9988.402778,281.4236111,8407.298611,0.507359028,38943.02083,30106.99306,1752658.842
139,2018,94618,16838.5,327.375,840.0833333,2003.388889,4328,5781.291667,522.7083333,344.0069444,15572.625,165.4444444,6363.520833,0.448509028,175339.8611,72655.99306,3909820.877
140,2018,94621,34206.64583,8097.479167,5149.611111,4704.743056,881.5277778,295.3333333,14948.02778,5562.520833,13468.25,1689.138889,8112.875,0.453625,26849.61806,11637.08333,4101153.111
141,2018,94702,18376.8125,803.0069444,1066.597222,3081.152778,3677.888889,4200.388889,4210.1875,-434.5902778,14573.52778,236.3333333,7787.5,0.445431944,120628.2917,38880.27083,2710442.86
142,2018,94703,22471.03472,267.4930556,2146.666667,2581.9375,6149.118056,5319.479167,3978.805556,1353.256944,17123.50694,595.0347222,8860.854167,0.514102778,122022.2569,41930.45833,1844476.457
143,2018,94704,31205.72222,268.5902778,1388.5625,2253.451389,2908.6875,2845.041667,11151.46528,1964.354167,9481.756944,179.25,7972.923611,0.694036806,64909.9375,23396.84028,4006753.138
144,2018,94801,29155.34722,7264.166667,3551.895833,4326.076389,2199.888889,1186.965278,7311.180556,7241.465278,14370.05556,612.1597222,8520.868056,0.486129861,33734.84028,17555.47222,3204719.29
145,2019,94014,50971.52662,6519.908565,10199.50463,8938.240741,8717.037037,1800.084491,7288.438657,5914.421296,37827.37037,-135.1712963,13477.97801,0.447001157,78494.80093,26579.54051,5785055.113
146,2019,94030,23802.97685,1050.009259,2427.211806,5753.896991,4511.813657,3663.072917,1301.31713,891.7233796,21341.64815,139.287037,7878.671296,0.457436806,125513.4363,48720.2037,4485425.428
147,2019,94066,44062.51736,4759.74537,6282.510417,9282.083333,8045.304398,3517.050926,2975.534722,1790.47338,39550.40625,466.7106481,13631.84491,0.442197917,98473.21759,38267.08333,6575755.972
148,2019,94080,70223.5162,8226.554398,10298.70602,17685.34722,13927.38079,2803.46875,5836.927083,7479.552083,57093.85532,304.2835648,22103.49884,0.429568866,100448.4225,34634.33102,6659883.647
149,2019,94102,35164.31366,5461.857639,3684.822917,8142.959491,7592.505787,5359.902778,9802.840278,5783.481481,18654.03241,598.0300926,18240.4838,0.60188588,34321.75463,40842.20833,4431546.32
150,2019,94104,122.4502315,-30.62037037,-16.67013889,55.29050926,20.82175926,74.73726852,-101.0833333,-116.3032407,339.8368056,35.09375,54.2337963,0.812943981,56561.50116,290670.2153,5786108.663
151,2019,94110,71774.87037,6724.605324,5931.577546,14797.96181,19635.77778,10505.40509,9015.361111,4953.081019,56514.38079,1108.607639,26673.70718,0.550900231,110056.6516,61280.82176,6436907.091
152,2019,94111,3388.631944,364.5,156.0393519,284.806713,1354.519676,445.1770833,753.2476852,-289.1736111,2924.55787,26.84606481,1872.75,0.485487384,140430.7442,96375.46991,3416720.233
153,2019,94112,87466.90162,12774.96991,15290.62384,19052.36806,13369.79051,6055.546296,8974.74537,8550.857639,69144.70023,839.71875,24779.01505,0.450794444,65432.19329,29953.70023,5964587.912
154,2019,94131,31156.30787,846.9618056,767.9537037,5061.173611,9798.322917,8988.65625,975.7314815,191.9710648,29240.65625,126.9803241,13773.52199,0.435192361,153526.7697,71428.33218,5440589.718
155,2019,94520,43032.87269,5980.949074,6744.913194,8741.460648,4607.388889,1641.327546,10088.66551,4849.888889,27975.20602,1031.376157,12183.1875,0.447767477,52529.51389,21164.64236,2902249.604
156,2019,94530,25266.4456,800.8668981,1986.436343,4169.775463,5626.962963,6028.439815,2259.740741,969.630787,22034.83565,274.0717593,9753.260417,0.424979861,115773.0579,49542.26852,2833871.27
157,2019,94536,75757.55093,5219.956019,9174.142361,12453.40741,13957.28009,11199.51968,8735.939815,4529.665509,62536.80671,1181.858796,23383.80903,0.444892824,112929.7025,43020.82755,7025289.712
158,2019,94541,68626.37963,7710.135417,12337.17824,14543.71759,7370.527778,2965.292824,14508.56134,6522.65162,46462.84491,1331.320602,19536.61806,0.414801852,67309.02315,24569.0706,5357383.522
159,2019,94544,78158.32407,14386.51968,14896.71644,15891.34722,7401.376157,2404.079861,13462.55324,10192.89468,53878.73032,878.4583333,22849.12037,0.47733287,62904.82176,24318.53819,4862421.029
160,2019,94546,45947.88426,2846.074074,6710.674769,13373.67361,5733.634259,3982.784722,5670.506944,4859.677083,34804.27083,528.255787,16580.33796,0.389450231,86566.90046,34961.85532,6370711.834
161,2019,94549,30761.63426,285.9189815,1435.262731,4128.015046,6929.952546,8647.241898,2461.895833,1685.232639,26333.68634,147.1041667,11142.31366,0.499734606,182002.3924,70166.63426,3789373.434
162,2019,94563,19518.9537,285.7893519,545.5659722,2234.259259,7000.157407,4001.071759,133.7361111,152.775463,19234.22222,25.10185185,7125.887731,0.532311458,262741.2176,105475.5486,4858241.104
163,2019,94565,92683.06713,10771.22569,14221.73032,21383.98148,8746.865741,3013.251157,21573.82407,10560.00347,59928.97569,1571.596065,25559.90741,0.443877778,59489.6956,20941.96759,5568067.293
164,2019,94568,53660.04977,2929.16088,4520.41088,8883.81713,14606.92245,8008.83912,1965.465278,1746.667824,47008.08218,412.3518519,18306.71181,0.391305787,131506.6134,48990.03125,6714292.053
165,2019,94577,49520.77199,4894.71875,9336.825231,9180.12963,8106.87963,3658.976852,7665.327546,2821.675926,38738.58796,236.4849537,17442.26157,0.422477546,87492.67593,32471.10185,6215298.509
166,2019,94578,38704.22569,5293.615741,8856.834491,6955.709491,3242.513889,1607.049769,6781.284722,5987.71412,25522.69792,-175.1863426,15412.2037,0.462137037,39103.94329,23616.93519,4290874.895
167,2019,94587,76428.4375,6465.981481,17051.28704,16380.63889,11716.01852,5329.479167,7183.453704,6046.844907,62969.67361,889.9421296,20198.30556,0.413010069,93928.70949,31227.1088,5788325.916
168,2019,94588,35777.63889,976.8680556,2459.074074,5415.332176,8203.818287,7022.712963,689.03125,496.3715278,34551.46065,110.0046296,11288.40625,0.35904294,152144.588,52985.25463,5108604.564
169,2019,94596,22499.50463,487.4097222,1003.644676,4755.584491,6911.417824,3134.761574,3094.988426,-34.59722222,19507.75694,392.6331019,10179.94329,0.437052894,96625.47569,48837.32986,2807982.325
170,2019,94597,22227.70255,328.5972222,2181.912037,3159.373843,7370.118056,4446.288194,2549.204861,-56.34259259,19656.53935,42.89236111,9804.099537,0.426750926,111037.6597,54243.39815,3107682.767
171,2019,94601,52082.61574,14364.65856,4547.66088,8671.790509,5714.127315,2423.524306,14142.3831,7277.664352,30270.84838,1323.981481,13685.99306,0.432299537,43736.4838,17151.26736,3844816.616
172,2019,94607,26832.1875,3473.509259,3469.412037,4374.90625,5747.489583,2895.711806,7884.701389,5434.502315,13059.65509,1314.369213,11601.33681,0.550440162,28741.03588,32292.58449,2353854.793
173,2019,94609,24606.29167,1004.193287,2658.831019,6346.405093,5138.826389,4944.28125,4569.16088,2124.984954,17488.95833,215.6643519,9725.37963,0.460392014,103388.7488,41048.19213,2078067.06
174,2019,94612,17917.83565,3575.447917,1591.737269,3704.063657,4604.259259,2212.211806,5982.950231,1243.159722,10561.20139,276.4803241,8585.936343,0.501263773,39687.70486,30366.95023,1789481.254
175,2019,94618,16784.26852,338.2060185,853.2824074,2115.25,4219.277778,5750.3125,446.5393519,338.9571759,15569.5162,177.3333333,6177.695602,0.442592477,176895.8565,72566.69097,4002200.193
176,2019,94621,34684.48032,8237.878472,5197.324074,4815.825231,880.2638889,303.5740741,15817.81019,5588.528935,13057.27315,1766.347222,8209.418981,0.455799537,25795.68866,11464.0787,4285864.175
177,2019,94702,18763.8044,769.7164352,998.4097222,3143.539352,3643.722222,4393.824074,4552.232639,-796.3043981,14991.76389,244.8703704,7897.87963,0.439821528,126287.8866,39464.18171,2940735.166
178,2019,94703,22728.74884,97.62615741,2255.925926,2486.700231,6472.975694,5508.063657,3987.606481,1280.934028,17450.46644,631.1006944,8953.991898,0.51819213,128494.86,43174.63657,2000939.119
179,2019,94704,32433.86111,277.8043981,1544.346065,2392.253472,2912.408565,2921.280093,11804.33449,2020.853009,9559.258102,192.1805556,7987.267361,0.718034144,67339.0706,23980.18866,4291777.011
180,2019,94801,29090.74769,7411.046296,3497.123843,4323.140046,2253.074074,1196.34375,7254.831019,7821.871528,13784.37963,600.6631944,8536.554398,0.483630671,31479.44792,17230.99537,3389945.819
181,2020,94014,51466.89757,6629.505208,10555.32639,8772.527778,8895.111111,1834.074653,7731.112847,6213.581019,37608.12963,-220.6412037,13521.66956,0.454455208,78944.56713,26654.66377,5757977.57
182,2020,94030,24123.82176,1003.856481,2323.166088,5867.064236,4559.226273,3877.096644,1313.09375,891.9866898,21657.43519,143.7361111,7871.55787,0.462247106,129545.2691,49784.93519,4444676.308
183,2020,94066,44458.00405,5042.446759,6246.991319,9179.189815,8114.416088,3648.043981,3013.165509,1778.287616,40008.68924,497.4571759,13483.43171,0.450338773,100222.4792,38749.59722,6385010.474
184,2020,94080,71064.60069,8429.096644,10230.32523,18295.54398,14522.09317,2690.840856,6055.218171,7840.123264,57435.65451,306.2853009,22267.32813,0.4343886,102710.2622,35099.97106,6491399.387
185,2020,94102,36628.53183,5656.29456,3664.823495,8521.512153,7981.359375,5770.618056,10223.78125,5990.611111,19445.5162,531.8761574,18862.25116,0.600990162,34511.50694,42482.51157,4658441.696
186,2020,94104,103.4982639,-41.58796296,-26.33969907,62.70543981,12.36458333,80.25289352,-126.9675926,-141.5127315,371.978588,40.50520833,36.75578704,0.845909028,56172.98669,324235.0613,5799555.792
187,2020,94110,71808.80556,6473.622106,5632.997106,15495.72627,19944.68519,10380.97106,8910.865741,4907.40162,56583.40799,1128.206597,26710.95081,0.56204919,114530.386,63727.84606,6361708.878
188,2020,94111,3371.195602,353.287037,138.380787,266.7320602,1401.662616,372.2876157,815.9849537,-392.6145833,2947.825231,28.14988426,1830.023148,0.472714525,142180.8027,98009.31829,3580175.128
189,2020,94112,88329.30729,12569.06829,15392.29803,19668.04514,13637.67766,6304.902778,9098.391204,8443.998264,69961.32697,882.9103009,25268.00289,0.456887963,63787.78646,30573.97512,5986305.766
190,2020,94131,31754.58912,830.7633102,581.7916667,5114.077546,10138.29572,9254.999421,821.9212963,38.60127315,30106.44387,118.2170139,13932.65451,0.434467477,156974.2321,72934.24479,5490343.086
191,2020,94520,43906.18634,5986.270833,6741.896412,9032.27662,4831.101852,1698.909144,10529.52257,4716.888889,28556.50116,1113.239005,12182.36227,0.454700868,53124.92361,21172.93692,2920920.247
192,2020,94530,25459.95891,715.6140046,1958.750579,4148.915509,5639.055556,6123.238426,2311.592593,929.4959491,22235.33449,291.3229167,9706.755208,0.425481597,118260.4456,50420.44907,2855095.629
193,2020,94536,76752.21991,5275.579861,8776.372106,12705.25926,14266.14931,11646.38484,9311.19213,4550.189236,63014.21354,1212.438657,23487.35359,0.450408449,115294.7818,43996.38137,6896052.62
194,2020,94541,69812.5787,7546.118634,12565.67245,14985.3588,7499.967593,3026.123264,15105.31308,6633.885995,46940.72801,1337.100116,19669.37384,0.413337963,68286.65972,24559.4566,5383815.1
195,2020,94544,78466.47685,14853.16262,15001.62211,16209.32176,7462.553819,2427.220486,13909.95255,10681.51678,53254.53646,841.9699074,23180.30093,0.489509028,62458.90162,24602.76447,4918347.781
196,2020,94546,46459.73843,2919.62963,6599.342014,13868.51273,5603.798611,4112.105324,5926.373843,5279.704282,34606.81134,544.3640046,16733.46528,0.384542708,86507.8669,34843.28414,6471020.693
197,2020,94549,31255.13194,256.5428241,1442.321181,4217.114005,6848.054977,8996.171875,2708.66088,1799.167245,26442.13484,159.505787,11260.93924,0.505232581,185024.5712,70380.83565,3865878.651
198,2020,94563,19766.86574,291.0150463,531.9079861,2296.722222,7277.486111,3935.396991,112.6828704,115.8784722,19548.31481,25.90277778,7238.429977,0.546908044,273062.0162,109790.228,4942700.431
199,2020,94565,93748.37616,10478.32118,14203.5735,22067.12037,9103.93287,3122.695023,22314.59722,10852.35822,59945.14063,1605.376736,25733.86111,0.445048148,59423.65799,20743.78009,5626152.751
200,2020,94568,54752.69618,2964.362847,4446.210069,8932.528935,15272.364,8405.192708,2017.186343,1788.940394,48210.97164,438.0462963,18817.78646,0.395783449,132307.0752,49966.39063,6707929.77
201,2020,94577,50297.1684,4844.188079,9549.889468,9234.509259,8361.291667,3777.303241,8269.112847,2613.652778,39121.18287,186.0619213,17665.34375,0.423587847,89027.375,32817.43981,6407427.926
202,2020,94578,38690.3397,5247.011574,9194.894097,6903.016782,3064.571759,1630.899884,6867.744213,6351.98206,25134.72396,-304.1811343,15802.30556,0.471394444,35777.23553,23662.39352,4535750.479
203,2020,94587,77380.50579,6455.12037,17906.99537,17124.11574,11595.84259,5401.545139,7413.949074,6161.765046,63576.84606,879.7766204,20319.18981,0.415272164,94090.51678,31450.93403,5738891.116
204,2020,94588,36560.70833,987.869213,2477.5,5459.411458,8405.691551,7363.893519,569.0017361,409.884838,35540.18403,102.1875,11418.4485,0.3529886,154937.0532,53483.99769,5203888.341
205,2020,94596,22849.38194,489.84375,898.4658565,4896.583912,7097.370949,3112.427083,3401.762731,-259.5208333,19795.29514,442.9508102,10333.38368,0.43525191,94371.81655,48950.30845,2902398.09
206,2020,94597,22560.28183,318.5578704,2290.048611,2977.802662,7668.142361,4544.750579,2757.320023,-216.1898148,19937.85301,49.50636574,9828.447917,0.425573611,112241.691,54684.68056,3159913.047
207,2020,94601,52518.08565,14770.25058,4124.001736,8910.622106,6107.239583,2582.350116,14161.34433,7177.600694,30851.19734,1326.972222,13770.02431,0.431614583,44631.78819,17301.41609,3920249.326
208,2020,94607,27200.84375,3357.180556,3527.224537,4332.64294,6115.26794,3089.453125,7945.137731,5737.96412,13065.89236,1379.226273,11911.69155,0.555637211,28096.63368,33554.54688,2552344.771
209,2020,94609,25129.49769,945.8790509,2693.739583,6662.619213,5131.903935,5237.923032,4714.807292,2180.756366,17791.33102,147.0266204,9815.560185,0.4594261,108628.805,42260.21644,2310172.392
210,2020,94612,18601.79745,3766.154514,1529.530671,3872.832755,4929.111111,2323.073495,6263.692708,1086.496528,11134.16551,271.6892361,8764.315394,0.495141609,40434.47743,30625.19271,1850492.658
211,2020,94618,16730.11574,349.0011574,865.8449074,2226.976852,4110.861111,5719.628472,370.4456019,334.0202546,15565.97106,189.2592593,5992.065394,0.43668559,178488.5949,72480.65567,4094635.126
212,2020,94621,35163.1522,8378.480903,5245.569444,4927.463542,878.7800926,311.9907407,16688.92361,5614.98206,12645.48843,1843.969907,8306.311343,0.457996065,24740.386,11291.78009,4462112.634
213,2020,94702,19151.12905,736.140625,929.6956019,3206.204861,3609.824074,4587.023148,4894.185764,-1156.749421,15409.03009,253.3425926,8007.976852,0.434200579,131938.1748,40045.364,3190014.665
214,2020,94703,22985.61979,-71.72858796,2364.925926,2390.826968,6796.32581,5696.721644,3996.5625,1209.156829,17775.84896,667.1105324,9046.695023,0.522253472,134968.6939,44418.43866,2172760.111
215,2020,94704,33662.94907,286.8327546,1700.066551,2531.131366,2915.514468,2997.186343,12456.08854,2078.014468,9637.244792,205.0347222,8000.879051,0.741960127,69757.14178,24564.43229,4551989.011
216,2020,94801,29026.40162,7557.115741,3442.45544,4320.250579,2306.314815,1205.833912,7197.721065,8403.653356,13198.46759,589.4751157,8551.911458,0.481163021,29225.96933,16909.09028,3581465.352
