station1,station2,fare,discount_fare
12TH,16TH,3.6,1.35
12TH,19TH,1.95,0.7
12TH,24TH,3.7,1.35
12TH,ASHB,1.95,0.7
12TH,BALB,4.1,1.5
12TH,BAYF,2.85,1.05
12TH,CAST,3.3,1.2
12TH,CIVC,3.45,1.25
12TH,COLS,1.95,0.7
12TH,COLM,4.2,1.55
12TH,CONC,4.05,1.5
12TH,DALY,4.2,1.55
12TH,DBRK,1.95,0.7
12TH,DUBL,4.4,1.65
12TH,DELN,2.55,0.95
12TH,PLZA,2.25,0.8
12TH,EMBR,3.45,1.25
12TH,FRMT,4.4,1.65
12TH,FTVL,1.95,0.7
12TH,GLEN,3.95,1.45
12TH,HAYW,3.3,1.2
12TH,LAFY,3.05,1.1
12TH,LAKE,1.95,0.7
12TH,MCAR,1.95,0.7
12TH,MLBR,4.95,1.85
12TH,MONT,3.45,1.25
12TH,NBRK,1.95,0.7
12TH,NCON,4.25,1.55
12TH,OAKL,7.95,2.95
12TH,ORIN,2.45,0.9
12TH,PITT,4.75,1.75
12TH,PHIL,3.65,1.35
12TH,POWL,3.45,1.25
12TH,RICH,2.9,1.05
12TH,ROCK,1.95,0.7
12TH,SBRN,4.65,1.7
12TH,SFIA,9.25,3.45
12TH,SANL,2.5,0.9
12TH,SHAY,3.6,1.35
12TH,SSAN,4.35,1.6
12TH,UCTY,4.1,1.5
12TH,WCRK,3.5,1.3
12TH,WDUB,4.25,1.55
12TH,WOAK,1.95,0.7
16TH,19TH,3.6,1.35
16TH,24TH,1.95,0.7
16TH,ASHB,4.05,1.5
16TH,BALB,1.95,0.7
16TH,BAYF,4.8,1.8
16TH,CAST,5.1,1.9
16TH,CIVC,1.95,0.7
16TH,COLS,4.3,1.6
16TH,COLM,3.45,1.25
16TH,CONC,5.9,2.2
16TH,DALY,3.05,1.1
16TH,DBRK,4.15,1.55
16TH,DUBL,6.2,2.3
16TH,DELN,4.55,1.7
16TH,PLZA,4.35,1.6
16TH,EMBR,1.95,0.7
16TH,FRMT,6.2,2.3
16TH,FTVL,4.05,1.5
16TH,GLEN,1.95,0.7
16TH,HAYW,5.1,1.9
16TH,LAFY,4.95,1.85
16TH,LAKE,3.6,1.35
16TH,MCAR,3.8,1.4
16TH,MLBR,4.6,1.7
16TH,MONT,1.95,0.7
16TH,NBRK,4.2,1.55
16TH,NCON,6.1,2.25
16TH,OAKL,10.3,3.85
16TH,ORIN,4.6,1.7
16TH,PITT,6.6,2.45
16TH,PHIL,5.5,2.05
16TH,POWL,1.95,0.7
16TH,RICH,4.75,1.75
16TH,ROCK,4.05,1.5
16TH,SBRN,4.15,1.55
16TH,SFIA,8.9,3.3
16TH,SANL,4.6,1.7
16TH,SHAY,5.4,2.0
16TH,SSAN,3.75,1.4
16TH,UCTY,5.85,2.15
16TH,WCRK,5.35,2.0
16TH,WDUB,6.05,2.25
16TH,WOAK,3.45,1.25
19TH,24TH,3.7,1.35
19TH,ASHB,1.95,0.7
19TH,BALB,4.1,1.5
19TH,BAYF,2.85,1.05
19TH,CAST,3.3,1.2
19TH,CIVC,3.45,1.25
19TH,COLS,1.95,0.7
19TH,COLM,4.2,1.55
19TH,CONC,4.05,1.5
19TH,DALY,4.2,1.55
19TH,DBRK,1.95,0.7
19TH,DUBL,4.4,1.65
19TH,DELN,2.55,0.95
19TH,PLZA,2.25,0.8
19TH,EMBR,3.45,1.25
19TH,FRMT,4.4,1.65
19TH,FTVL,1.95,0.7
19TH,GLEN,3.95,1.45
19TH,HAYW,3.3,1.2
19TH,LAFY,3.05,1.1
19TH,LAKE,1.95,0.7
19TH,MCAR,1.95,0.7
19TH,MLBR,4.95,1.85
19TH,MONT,3.45,1.25
19TH,NBRK,1.95,0.7
19TH,NCON,4.25,1.55
19TH,OAKL,7.95,2.95
19TH,ORIN,2.45,0.9
19TH,PITT,4.75,1.75
19TH,PHIL,3.65,1.35
19TH,POWL,3.45,1.25
19TH,RICH,2.9,1.05
19TH,ROCK,1.95,0.7
19TH,SBRN,4.65,1.7
19TH,SFIA,9.25,3.45
19TH,SANL,2.5,0.9
19TH,SHAY,3.6,1.35
19TH,SSAN,4.35,1.6
19TH,UCTY,4.1,1.5
19TH,WCRK,3.5,1.3
19TH,WDUB,4.25,1.55
19TH,WOAK,1.95,0.7
24TH,ASHB,4.1,1.5
24TH,BALB,1.95,0.7
24TH,BAYF,4.85,1.8
24TH,CAST,5.15,1.9
24TH,CIVC,1.95,0.7
24TH,COLS,4.35,1.6
24TH,COLM,3.35,1.25
24TH,CONC,5.95,2.2
24TH,DALY,3.05,1.1
24TH,DBRK,4.15,1.55
24TH,DUBL,6.25,2.3
24TH,DELN,4.6,1.7
24TH,PLZA,4.4,1.65
24TH,EMBR,1.95,0.7
24TH,FRMT,6.25,2.3
24TH,FTVL,4.15,1.55
24TH,GLEN,1.95,0.7
24TH,HAYW,5.15,1.9
24TH,LAFY,5.05,1.85
24TH,LAKE,3.7,1.35
24TH,MCAR,3.9,1.45
24TH,MLBR,4.55,1.7
24TH,MONT,1.95,0.7
24TH,NBRK,4.25,1.55
24TH,NCON,6.15,2.3
24TH,OAKL,10.35,3.85
24TH,ORIN,4.65,1.7
24TH,PITT,6.65,2.45
24TH,PHIL,5.55,2.05
24TH,POWL,1.95,0.7
24TH,RICH,4.8,1.8
24TH,ROCK,4.1,1.5
24TH,SBRN,4.05,1.5
24TH,SFIA,8.8,3.3
24TH,SANL,4.65,1.7
24TH,SHAY,5.45,2.0
24TH,SSAN,3.65,1.35
24TH,UCTY,5.95,2.2
24TH,WCRK,5.4,2.0
24TH,WDUB,6.1,2.25
24TH,WOAK,3.55,1.3
ASHB,BALB,4.3,1.6
ASHB,BAYF,3.25,1.2
ASHB,CAST,3.5,1.3
ASHB,CIVC,3.85,1.4
ASHB,COLS,2.45,0.9
ASHB,COLM,4.4,1.65
ASHB,CONC,4.0,1.5
ASHB,DALY,4.45,1.65
ASHB,DBRK,1.95,0.7
ASHB,DUBL,4.65,1.7
ASHB,DELN,1.95,0.7
ASHB,PLZA,1.95,0.7
ASHB,EMBR,3.85,1.4
ASHB,FRMT,4.65,1.7
ASHB,FTVL,2.15,0.8
ASHB,GLEN,4.25,1.55
ASHB,HAYW,3.5,1.3
ASHB,LAFY,2.95,1.1
ASHB,LAKE,1.95,0.7
ASHB,MCAR,1.95,0.7
ASHB,MLBR,5.15,1.9
ASHB,MONT,3.85,1.4
ASHB,NBRK,1.95,0.7
ASHB,NCON,4.2,1.55
ASHB,OAKL,8.45,3.15
ASHB,ORIN,2.35,0.85
ASHB,PITT,4.75,1.75
ASHB,PHIL,3.6,1.35
ASHB,POWL,3.85,1.4
ASHB,RICH,1.95,0.7
ASHB,ROCK,1.95,0.7
ASHB,SBRN,4.85,1.8
ASHB,SFIA,9.45,3.5
ASHB,SANL,2.9,1.05
ASHB,SHAY,3.8,1.4
ASHB,SSAN,4.6,1.7
ASHB,UCTY,4.3,1.6
ASHB,WCRK,3.45,1.25
ASHB,WDUB,4.45,1.65
ASHB,WOAK,1.95,0.7
BALB,BAYF,5.1,1.9
BALB,CAST,5.35,2.0
BALB,CIVC,1.95,0.7
BALB,COLS,4.55,1.7
BALB,COLM,3.2,1.2
BALB,CONC,6.15,2.3
BALB,DALY,3.05,1.1
BALB,DBRK,4.4,1.65
BALB,DUBL,6.45,2.4
BALB,DELN,4.8,1.8
BALB,PLZA,4.65,1.7
BALB,EMBR,1.95,0.7
BALB,FRMT,6.5,2.4
BALB,FTVL,4.35,1.6
BALB,GLEN,1.95,0.7
BALB,HAYW,5.35,2.0
BALB,LAFY,5.25,1.95
BALB,LAKE,4.1,1.5
BALB,MCAR,4.2,1.55
BALB,MLBR,4.15,1.55
BALB,MONT,1.95,0.7
BALB,NBRK,4.45,1.65
BALB,NCON,6.35,2.35
BALB,OAKL,10.55,3.95
BALB,ORIN,4.85,1.8
BALB,PITT,6.9,2.55
BALB,PHIL,5.75,2.15
BALB,POWL,1.95,0.7
BALB,RICH,5.0,1.85
BALB,ROCK,4.3,1.6
BALB,SBRN,3.65,1.35
BALB,SFIA,8.4,3.15
BALB,SANL,4.85,1.8
BALB,SHAY,5.65,2.1
BALB,SSAN,3.2,1.2
BALB,UCTY,6.15,2.3
BALB,WCRK,5.6,2.1
BALB,WDUB,6.3,2.35
BALB,WOAK,3.95,1.45
BAYF,CAST,1.95,0.7
BAYF,CIVC,4.75,1.75
BAYF,COLS,1.95,0.7
BAYF,COLM,5.2,1.95
BAYF,CONC,4.9,1.8
BAYF,DALY,5.2,1.95
BAYF,DBRK,3.35,1.25
BAYF,DUBL,1.95,0.7
BAYF,DELN,3.7,1.35
BAYF,PLZA,3.55,1.3
BAYF,EMBR,4.75,1.75
BAYF,FRMT,1.95,0.7
BAYF,FTVL,2.4,0.9
BAYF,GLEN,5.0,1.85
BAYF,HAYW,1.95,0.7
BAYF,LAFY,4.0,1.5
BAYF,LAKE,2.85,1.05
BAYF,MCAR,3.05,1.1
BAYF,MLBR,5.95,2.2
BAYF,MONT,4.75,1.75
BAYF,NBRK,3.35,1.25
BAYF,NCON,5.1,1.9
BAYF,OAKL,7.95,2.95
BAYF,ORIN,3.6,1.35
BAYF,PITT,5.65,2.1
BAYF,PHIL,4.5,1.65
BAYF,POWL,4.75,1.75
BAYF,RICH,3.95,1.45
BAYF,ROCK,3.05,1.1
BAYF,SBRN,5.65,2.1
BAYF,SFIA,10.25,3.8
BAYF,SANL,1.95,0.7
BAYF,SHAY,1.95,0.7
BAYF,SSAN,5.35,2.0
BAYF,UCTY,1.95,0.7
BAYF,WCRK,4.35,1.6
BAYF,WDUB,1.95,0.7
BAYF,WOAK,3.05,1.1
CAST,CIVC,5.0,1.85
CAST,COLS,2.55,0.95
CAST,COLM,5.45,2.0
CAST,CONC,5.2,1.95
CAST,DALY,5.5,2.05
CAST,DBRK,3.6,1.35
CAST,DUBL,1.95,0.7
CAST,DELN,4.0,1.5
CAST,PLZA,3.85,1.4
CAST,EMBR,5.0,1.85
CAST,FRMT,3.7,1.35
CAST,FTVL,2.85,1.05
CAST,GLEN,5.3,1.95
CAST,HAYW,1.95,0.7
CAST,LAFY,4.3,1.6
CAST,LAKE,3.3,1.2
CAST,MCAR,3.4,1.25
CAST,MLBR,6.25,2.3
CAST,MONT,5.0,1.85
CAST,NBRK,3.65,1.35
CAST,NCON,5.4,2.0
CAST,OAKL,8.55,3.2
CAST,ORIN,3.9,1.45
CAST,PITT,5.9,2.2
CAST,PHIL,4.8,1.8
CAST,POWL,5.0,1.85
CAST,RICH,4.2,1.55
CAST,ROCK,3.4,1.25
CAST,SBRN,5.9,2.2
CAST,SFIA,10.5,3.9
CAST,SANL,1.95,0.7
CAST,SHAY,2.6,0.95
CAST,SSAN,5.65,2.1
CAST,UCTY,3.35,1.25
CAST,WCRK,4.65,1.7
CAST,WDUB,1.95,0.7
CAST,WOAK,3.4,1.25
CIVC,COLS,4.2,1.55
CIVC,COLM,3.6,1.35
CIVC,CONC,5.8,2.15
CIVC,DALY,3.25,1.2
CIVC,DBRK,4.0,1.5
CIVC,DUBL,6.15,2.3
CIVC,DELN,4.45,1.65
CIVC,PLZA,4.3,1.6
CIVC,EMBR,1.95,0.7
CIVC,FRMT,6.15,2.3
CIVC,FTVL,3.85,1.4
CIVC,GLEN,1.95,0.7
CIVC,HAYW,5.0,1.85
CIVC,LAFY,4.9,1.8
CIVC,LAKE,3.45,1.25
CIVC,MCAR,3.65,1.35
CIVC,MLBR,4.65,1.7
CIVC,MONT,1.95,0.7
CIVC,NBRK,4.1,1.5
CIVC,NCON,6.0,2.25
CIVC,OAKL,10.2,3.8
CIVC,ORIN,4.5,1.65
CIVC,PITT,6.55,2.45
CIVC,PHIL,5.4,2.0
CIVC,POWL,1.95,0.7
CIVC,RICH,4.65,1.7
CIVC,ROCK,3.85,1.4
CIVC,SBRN,4.3,1.6
CIVC,SFIA,8.95,3.35
CIVC,SANL,4.5,1.65
CIVC,SHAY,5.3,1.95
CIVC,SSAN,3.9,1.45
CIVC,UCTY,5.8,2.15
CIVC,WCRK,5.25,1.95
CIVC,WDUB,5.95,2.2
CIVC,WOAK,3.2,1.2
COLS,COLM,4.65,1.7
COLS,CONC,4.4,1.65
COLS,DALY,4.7,1.75
COLS,DBRK,2.6,0.95
COLS,DUBL,3.95,1.45
COLS,DELN,3.2,1.2
COLS,PLZA,3.05,1.1
COLS,EMBR,4.2,1.55
COLS,FRMT,3.95,1.45
COLS,FTVL,1.95,0.7
COLS,GLEN,4.45,1.65
COLS,HAYW,2.55,0.95
COLS,LAFY,3.45,1.25
COLS,LAKE,1.95,0.7
COLS,MCAR,2.25,0.8
COLS,MLBR,5.45,2.0
COLS,MONT,4.2,1.55
COLS,NBRK,2.75,1.0
COLS,NCON,4.6,1.7
COLS,OAKL,6.0,2.25
COLS,ORIN,3.1,1.15
COLS,PITT,5.1,1.9
COLS,PHIL,4.0,1.5
COLS,POWL,4.2,1.55
COLS,RICH,3.4,1.25
COLS,ROCK,2.3,0.85
COLS,SBRN,5.1,1.9
COLS,SFIA,9.7,3.6
COLS,SANL,1.95,0.7
COLS,SHAY,3.0,1.1
COLS,SSAN,4.85,1.8
COLS,UCTY,3.65,1.35
COLS,WCRK,3.85,1.4
COLS,WDUB,3.8,1.4
COLS,WOAK,2.15,0.8
COLM,CONC,6.25,2.3
COLM,DALY,3.2,1.2
COLM,DBRK,4.5,1.65
COLM,DUBL,6.55,2.45
COLM,DELN,4.9,1.8
COLM,PLZA,4.75,1.75
COLM,EMBR,3.6,1.35
COLM,FRMT,6.6,2.45
COLM,FTVL,4.45,1.65
COLM,GLEN,3.2,1.2
COLM,HAYW,5.45,2.0
COLM,LAFY,5.35,2.0
COLM,LAKE,4.2,1.55
COLM,MCAR,4.3,1.6
COLM,MLBR,3.75,1.4
COLM,MONT,3.6,1.35
COLM,NBRK,4.55,1.7
COLM,NCON,6.45,2.4
COLM,OAKL,10.65,3.95
COLM,ORIN,4.95,1.85
COLM,PITT,7.0,2.6
COLM,PHIL,5.85,2.15
COLM,POWL,3.6,1.35
COLM,RICH,5.1,1.9
COLM,ROCK,4.4,1.65
COLM,SBRN,3.2,1.2
COLM,SFIA,7.95,2.95
COLM,SANL,4.95,1.85
COLM,SHAY,5.75,2.15
COLM,SSAN,3.2,1.2
COLM,UCTY,6.25,2.3
COLM,WCRK,5.7,2.1
COLM,WDUB,6.4,2.4
COLM,WOAK,4.1,1.5
CONC,DALY,6.3,2.35
CONC,DBRK,4.05,1.5
CONC,DUBL,6.3,2.35
CONC,DELN,4.45,1.65
CONC,PLZA,4.3,1.6
CONC,EMBR,5.8,2.15
CONC,FRMT,6.3,2.35
CONC,FTVL,4.2,1.55
CONC,GLEN,6.1,2.25
CONC,HAYW,5.2,1.95
CONC,LAFY,1.95,0.7
CONC,LAKE,4.05,1.5
CONC,MCAR,4.0,1.5
CONC,MLBR,7.05,2.6
CONC,MONT,5.8,2.15
CONC,NBRK,4.1,1.5
CONC,NCON,1.95,0.7
CONC,OAKL,10.4,3.9
CONC,ORIN,1.95,0.7
CONC,PITT,1.95,0.7
CONC,PHIL,1.95,0.7
CONC,POWL,5.8,2.15
CONC,RICH,4.65,1.7
CONC,ROCK,3.9,1.45
CONC,SBRN,6.7,2.5
CONC,SFIA,11.3,4.2
CONC,SANL,4.7,1.75
CONC,SHAY,5.5,2.05
CONC,SSAN,6.45,2.4
CONC,UCTY,6.0,2.25
CONC,WCRK,1.95,0.7
CONC,WDUB,6.15,2.3
CONC,WOAK,4.2,1.55
DALY,DBRK,4.5,1.65
DALY,DUBL,6.6,2.45
DALY,DELN,4.9,1.8
DALY,PLZA,4.75,1.75
DALY,EMBR,3.25,1.2
DALY,FRMT,6.6,2.45
DALY,FTVL,4.5,1.65
DALY,GLEN,3.05,1.1
DALY,HAYW,5.5,2.05
DALY,LAFY,5.35,2.0
DALY,LAKE,4.2,1.55
DALY,MCAR,4.3,1.6
DALY,MLBR,3.95,1.45
DALY,MONT,3.25,1.2
DALY,NBRK,4.55,1.7
DALY,NCON,6.5,2.4
DALY,OAKL,10.7,4.0
DALY,ORIN,5.0,1.85
DALY,PITT,7.0,2.6
DALY,PHIL,5.9,2.2
DALY,POWL,3.25,1.2
DALY,RICH,5.15,1.9
DALY,ROCK,4.45,1.65
DALY,SBRN,3.2,1.2
DALY,SFIA,8.15,3.05
DALY,SANL,4.95,1.85
DALY,SHAY,5.8,2.15
DALY,SSAN,3.2,1.2
DALY,UCTY,6.25,2.3
DALY,WCRK,5.75,2.15
DALY,WDUB,6.45,2.4
DALY,WOAK,4.15,1.55
DBRK,DUBL,4.7,1.75
DBRK,DELN,1.95,0.7
DBRK,PLZA,1.95,0.7
DBRK,EMBR,4.0,1.5
DBRK,FRMT,4.75,1.75
DBRK,FTVL,2.3,0.85
DBRK,GLEN,4.3,1.6
DBRK,HAYW,3.6,1.35
DBRK,LAFY,3.1,1.15
DBRK,LAKE,1.95,0.7
DBRK,MCAR,1.95,0.7
DBRK,MLBR,5.25,1.95
DBRK,MONT,4.0,1.5
DBRK,NBRK,1.95,0.7
DBRK,NCON,4.25,1.55
DBRK,OAKL,8.6,3.2
DBRK,ORIN,2.5,0.9
DBRK,PITT,4.75,1.75
DBRK,PHIL,3.65,1.35
DBRK,POWL,4.0,1.5
DBRK,RICH,1.95,0.7
DBRK,ROCK,1.95,0.7
DBRK,SBRN,4.95,1.85
DBRK,SFIA,9.55,3.55
DBRK,SANL,3.1,1.15
DBRK,SHAY,3.9,1.45
DBRK,SSAN,4.65,1.7
DBRK,UCTY,4.4,1.65
DBRK,WCRK,3.5,1.3
DBRK,WDUB,4.55,1.7
DBRK,WOAK,2.0,0.75
DUBL,DELN,5.1,1.9
DUBL,PLZA,4.95,1.85
DUBL,EMBR,6.15,2.3
DUBL,FRMT,4.8,1.8
DUBL,FTVL,4.15,1.55
DUBL,GLEN,6.4,2.4
DUBL,HAYW,3.7,1.35
DUBL,LAFY,5.4,2.0
DUBL,LAKE,4.4,1.65
DUBL,MCAR,4.5,1.65
DUBL,MLBR,7.35,2.75
DUBL,MONT,6.15,2.3
DUBL,NBRK,4.75,1.75
DUBL,NCON,6.5,2.4
DUBL,OAKL,9.95,3.7
DUBL,ORIN,5.0,1.85
DUBL,PITT,7.0,2.6
DUBL,PHIL,5.9,2.2
DUBL,POWL,6.15,2.3
DUBL,RICH,5.3,1.95
DUBL,ROCK,4.5,1.65
DUBL,SBRN,7.0,2.6
DUBL,SFIA,11.6,4.35
DUBL,SANL,3.65,1.35
DUBL,SHAY,4.0,1.5
DUBL,SSAN,6.75,2.5
DUBL,UCTY,4.5,1.65
DUBL,WCRK,5.75,2.15
DUBL,WDUB,1.95,0.7
DUBL,WOAK,4.5,1.65
DELN,PLZA,1.95,0.7
DELN,EMBR,4.45,1.65
DELN,FRMT,5.15,1.9
DELN,FTVL,3.0,1.1
DELN,GLEN,4.75,1.75
DELN,HAYW,4.0,1.5
DELN,LAFY,3.55,1.3
DELN,LAKE,2.55,0.95
DELN,MCAR,2.35,0.85
DELN,MLBR,5.65,2.1
DELN,MONT,4.45,1.65
DELN,NBRK,1.95,0.7
DELN,NCON,4.65,1.7
DELN,OAKL,9.2,3.45
DELN,ORIN,3.2,1.2
DELN,PITT,5.2,1.95
DELN,PHIL,4.05,1.5
DELN,POWL,4.45,1.65
DELN,RICH,1.95,0.7
DELN,ROCK,2.4,0.9
DELN,SBRN,5.35,2.0
DELN,SFIA,9.95,3.7
DELN,SANL,3.5,1.3
DELN,SHAY,4.3,1.6
DELN,SSAN,5.1,1.9
DELN,UCTY,4.8,1.8
DELN,WCRK,3.9,1.45
DELN,WDUB,4.95,1.85
DELN,WOAK,2.7,1.0
PLZA,EMBR,4.3,1.6
PLZA,FRMT,4.95,1.85
PLZA,FTVL,2.75,1.0
PLZA,GLEN,4.55,1.7
PLZA,HAYW,3.85,1.4
PLZA,LAFY,3.4,1.25
PLZA,LAKE,2.25,0.8
PLZA,MCAR,2.05,0.75
PLZA,MLBR,5.5,2.05
PLZA,MONT,4.3,1.6
PLZA,NBRK,1.95,0.7
PLZA,NCON,4.5,1.65
PLZA,OAKL,9.05,3.35
PLZA,ORIN,2.95,1.1
PLZA,PITT,5.0,1.85
PLZA,PHIL,3.9,1.45
PLZA,POWL,4.3,1.6
PLZA,RICH,1.95,0.7
PLZA,ROCK,2.1,0.75
PLZA,SBRN,5.2,1.95
PLZA,SFIA,9.8,3.65
PLZA,SANL,3.3,1.2
PLZA,SHAY,4.15,1.55
PLZA,SSAN,4.9,1.8
PLZA,UCTY,4.65,1.7
PLZA,WCRK,3.75,1.4
PLZA,WDUB,4.8,1.8
PLZA,WOAK,2.45,0.9
EMBR,FRMT,6.15,2.3
EMBR,FTVL,3.85,1.4
EMBR,GLEN,1.95,0.7
EMBR,HAYW,5.0,1.85
EMBR,LAFY,4.9,1.8
EMBR,LAKE,3.45,1.25
EMBR,MCAR,3.65,1.35
EMBR,MLBR,4.65,1.7
EMBR,MONT,1.95,0.7
EMBR,NBRK,4.1,1.5
EMBR,NCON,6.0,2.25
EMBR,OAKL,10.2,3.8
EMBR,ORIN,4.5,1.65
EMBR,PITT,6.55,2.45
EMBR,PHIL,5.4,2.0
EMBR,POWL,1.95,0.7
EMBR,RICH,4.65,1.7
EMBR,ROCK,3.85,1.4
EMBR,SBRN,4.3,1.6
EMBR,SFIA,8.95,3.35
EMBR,SANL,4.5,1.65
EMBR,SHAY,5.3,1.95
EMBR,SSAN,3.9,1.45
EMBR,UCTY,5.8,2.15
EMBR,WCRK,5.25,1.95
EMBR,WDUB,5.95,2.2
EMBR,WOAK,3.2,1.2
FRMT,FTVL,4.15,1.55
FRMT,GLEN,6.4,2.4
FRMT,HAYW,1.95,0.7
FRMT,LAFY,5.4,2.0
FRMT,LAKE,4.4,1.65
FRMT,MCAR,4.5,1.65
FRMT,MLBR,7.35,2.75
FRMT,MONT,6.15,2.3
FRMT,NBRK,4.8,1.8
FRMT,NCON,6.5,2.4
FRMT,OAKL,9.95,3.7
FRMT,ORIN,5.05,1.85
FRMT,PITT,7.05,2.6
FRMT,PHIL,5.9,2.2
FRMT,POWL,6.15,2.3
FRMT,RICH,5.35,2.0
FRMT,ROCK,4.5,1.65
FRMT,SBRN,7.05,2.6
FRMT,SFIA,11.65,4.35
FRMT,SANL,3.7,1.35
FRMT,SHAY,1.95,0.7
FRMT,SSAN,6.75,2.5
FRMT,UCTY,1.95,0.7
FRMT,WCRK,5.75,2.15
FRMT,WDUB,4.65,1.7
FRMT,WOAK,4.5,1.65
FTVL,GLEN,4.3,1.6
FTVL,HAYW,2.85,1.05
FTVL,LAFY,3.3,1.2
FTVL,LAKE,1.95,0.7
FTVL,MCAR,1.95,0.7
FTVL,MLBR,5.25,1.95
FTVL,MONT,3.85,1.4
FTVL,NBRK,2.4,0.9
FTVL,NCON,4.4,1.65
FTVL,OAKL,7.95,2.95
FTVL,ORIN,2.75,1.0
FTVL,PITT,4.9,1.8
FTVL,PHIL,3.8,1.4
FTVL,POWL,3.85,1.4
FTVL,RICH,3.2,1.2
FTVL,ROCK,1.95,0.7
FTVL,SBRN,4.9,1.8
FTVL,SFIA,9.5,3.55
FTVL,SANL,1.95,0.7
FTVL,SHAY,3.35,1.25
FTVL,SSAN,4.65,1.7
FTVL,UCTY,3.8,1.4
FTVL,WCRK,3.65,1.35
FTVL,WDUB,4.0,1.5
FTVL,WOAK,1.95,0.7
GLEN,HAYW,5.3,1.95
GLEN,LAFY,5.2,1.95
GLEN,LAKE,3.95,1.45
GLEN,MCAR,4.1,1.5
GLEN,MLBR,4.3,1.6
GLEN,MONT,1.95,0.7
GLEN,NBRK,4.4,1.65
GLEN,NCON,6.3,2.35
GLEN,OAKL,10.45,3.9
GLEN,ORIN,4.8,1.8
GLEN,PITT,6.8,2.55
GLEN,PHIL,5.7,2.1
GLEN,POWL,1.95,0.7
GLEN,RICH,4.95,1.85
GLEN,ROCK,4.25,1.55
GLEN,SBRN,3.8,1.4
GLEN,SFIA,8.55,3.2
GLEN,SANL,4.8,1.8
GLEN,SHAY,5.6,2.1
GLEN,SSAN,3.4,1.25
GLEN,UCTY,6.1,2.25
GLEN,WCRK,5.5,2.05
GLEN,WDUB,6.25,2.3
GLEN,WOAK,3.8,1.4
HAYW,LAFY,4.3,1.6
HAYW,LAKE,3.3,1.2
HAYW,MCAR,3.4,1.25
HAYW,MLBR,6.25,2.3
HAYW,MONT,5.0,1.85
HAYW,NBRK,3.65,1.35
HAYW,NCON,5.4,2.0
HAYW,OAKL,8.55,3.2
HAYW,ORIN,3.9,1.45
HAYW,PITT,5.9,2.2
HAYW,PHIL,4.8,1.8
HAYW,POWL,5.0,1.85
HAYW,RICH,4.2,1.55
HAYW,ROCK,3.4,1.25
HAYW,SBRN,5.9,2.2
HAYW,SFIA,10.55,3.95
HAYW,SANL,1.95,0.7
HAYW,SHAY,1.95,0.7
HAYW,SSAN,5.65,2.1
HAYW,UCTY,1.95,0.7
HAYW,WCRK,4.65,1.7
HAYW,WDUB,3.55,1.3
HAYW,WOAK,3.4,1.25
LAFY,LAKE,3.05,1.1
LAFY,MCAR,2.9,1.05
LAFY,MLBR,6.1,2.25
LAFY,MONT,4.9,1.8
LAFY,NBRK,3.2,1.2
LAFY,NCON,3.05,1.1
LAFY,OAKL,9.45,3.5
LAFY,ORIN,1.95,0.7
LAFY,PITT,3.65,1.35
LAFY,PHIL,1.95,0.7
LAFY,POWL,4.9,1.8
LAFY,RICH,3.75,1.4
LAFY,ROCK,2.65,0.95
LAFY,SBRN,5.8,2.15
LAFY,SFIA,10.4,3.9
LAFY,SANL,3.8,1.4
LAFY,SHAY,4.6,1.7
LAFY,SSAN,5.55,2.05
LAFY,UCTY,5.05,1.85
LAFY,WCRK,1.95,0.7
LAFY,WDUB,5.2,1.95
LAFY,WOAK,3.25,1.2
LAKE,MCAR,1.95,0.7
LAKE,MLBR,4.95,1.85
LAKE,MONT,3.45,1.25
LAKE,NBRK,1.95,0.7
LAKE,NCON,4.25,1.55
LAKE,OAKL,7.95,2.95
LAKE,ORIN,2.45,0.9
LAKE,PITT,4.75,1.75
LAKE,PHIL,3.65,1.35
LAKE,POWL,3.45,1.25
LAKE,RICH,2.9,1.05
LAKE,ROCK,1.95,0.7
LAKE,SBRN,4.65,1.7
LAKE,SFIA,9.25,3.45
LAKE,SANL,2.5,0.9
LAKE,SHAY,3.6,1.35
LAKE,SSAN,4.35,1.6
LAKE,UCTY,4.1,1.5
LAKE,WCRK,3.5,1.3
LAKE,WDUB,4.25,1.55
LAKE,WOAK,1.95,0.7
MCAR,MLBR,5.05,1.85
MCAR,MONT,3.65,1.35
MCAR,NBRK,1.95,0.7
MCAR,NCON,4.2,1.55
MCAR,OAKL,8.25,3.05
MCAR,ORIN,1.95,0.7
MCAR,PITT,4.75,1.75
MCAR,PHIL,3.6,1.35
MCAR,POWL,3.65,1.35
MCAR,RICH,2.7,1.0
MCAR,ROCK,1.95,0.7
MCAR,SBRN,4.75,1.75
MCAR,SFIA,9.35,3.5
MCAR,SANL,2.7,1.0
MCAR,SHAY,3.7,1.35
MCAR,SSAN,4.45,1.65
MCAR,UCTY,4.15,1.55
MCAR,WCRK,3.45,1.25
MCAR,WDUB,4.35,1.6
MCAR,WOAK,1.95,0.7
MLBR,MONT,4.65,1.7
MLBR,NBRK,5.3,1.95
MLBR,NCON,7.25,2.7
MLBR,OAKL,11.45,4.25
MLBR,ORIN,5.75,2.15
MLBR,PITT,7.75,2.9
MLBR,PHIL,6.65,2.45
MLBR,POWL,4.65,1.7
MLBR,RICH,5.9,2.2
MLBR,ROCK,5.2,1.95
MLBR,SBRN,3.2,1.2
MLBR,SFIA,4.4,1.65
MLBR,SANL,5.7,2.1
MLBR,SHAY,6.55,2.45
MLBR,SSAN,3.2,1.2
MLBR,UCTY,7.0,2.6
MLBR,WCRK,6.5,2.4
MLBR,WDUB,7.15,2.65
MLBR,WOAK,4.9,1.8
MONT,NBRK,4.1,1.5
MONT,NCON,6.0,2.25
MONT,OAKL,10.2,3.8
MONT,ORIN,4.5,1.65
MONT,PITT,6.55,2.45
MONT,PHIL,5.4,2.0
MONT,POWL,1.95,0.7
MONT,RICH,4.65,1.7
MONT,ROCK,3.85,1.4
MONT,SBRN,4.3,1.6
MONT,SFIA,8.95,3.35
MONT,SANL,4.5,1.65
MONT,SHAY,5.3,1.95
MONT,SSAN,3.9,1.45
MONT,UCTY,5.8,2.15
MONT,WCRK,5.25,1.95
MONT,WDUB,5.95,2.2
MONT,WOAK,3.2,1.2
NBRK,NCON,4.3,1.6
NBRK,OAKL,8.75,3.25
NBRK,ORIN,2.6,0.95
NBRK,PITT,4.85,1.8
NBRK,PHIL,3.7,1.35
NBRK,POWL,4.1,1.5
NBRK,RICH,1.95,0.7
NBRK,ROCK,1.95,0.7
NBRK,SBRN,5.0,1.85
NBRK,SFIA,9.6,3.6
NBRK,SANL,3.15,1.15
NBRK,SHAY,3.95,1.45
NBRK,SSAN,4.75,1.75
NBRK,UCTY,4.45,1.65
NBRK,WCRK,3.55,1.3
NBRK,WDUB,4.6,1.7
NBRK,WOAK,2.15,0.8
NCON,OAKL,10.6,3.95
NCON,ORIN,3.55,1.3
NCON,PITT,1.95,0.7
NCON,PHIL,1.95,0.7
NCON,POWL,6.0,2.25
NCON,RICH,4.85,1.8
NCON,ROCK,4.1,1.5
NCON,SBRN,6.9,2.55
NCON,SFIA,11.5,4.3
NCON,SANL,4.9,1.8
NCON,SHAY,5.7,2.1
NCON,SSAN,6.65,2.45
NCON,UCTY,6.2,2.3
NCON,WCRK,1.95,0.7
NCON,WDUB,6.35,2.35
NCON,WOAK,4.4,1.65
OAKL,ORIN,9.1,3.4
OAKL,PITT,11.1,4.15
OAKL,PHIL,10.0,3.75
OAKL,POWL,10.2,3.8
OAKL,RICH,9.4,3.5
OAKL,ROCK,8.3,3.1
OAKL,SBRN,11.1,4.15
OAKL,SFIA,15.7,5.85
OAKL,SANL,7.95,2.95
OAKL,SHAY,9.0,3.35
OAKL,SSAN,10.85,4.05
OAKL,UCTY,9.65,3.6
OAKL,WCRK,9.85,3.65
OAKL,WDUB,9.8,3.65
OAKL,WOAK,8.15,3.05
ORIN,PITT,4.05,1.5
ORIN,PHIL,1.95,0.7
ORIN,POWL,4.5,1.65
ORIN,RICH,3.35,1.25
ORIN,ROCK,1.95,0.7
ORIN,SBRN,5.4,2.0
ORIN,SFIA,10.0,3.75
ORIN,SANL,3.4,1.25
ORIN,SHAY,4.2,1.55
ORIN,SSAN,5.15,1.9
ORIN,UCTY,4.7,1.75
ORIN,WCRK,1.95,0.7
ORIN,WDUB,4.85,1.8
ORIN,WOAK,2.65,0.95
PITT,PHIL,1.95,0.7
PITT,POWL,6.55,2.45
PITT,RICH,5.35,2.0
PITT,ROCK,4.6,1.7
PITT,SBRN,7.4,2.75
PITT,SFIA,12.05,4.5
PITT,SANL,5.4,2.0
PITT,SHAY,6.2,2.3
PITT,SSAN,7.15,2.65
PITT,UCTY,6.7,2.5
PITT,WCRK,1.95,0.7
PITT,WDUB,6.85,2.55
PITT,WOAK,4.9,1.8
PHIL,POWL,5.4,2.0
PHIL,RICH,4.25,1.55
PHIL,ROCK,3.45,1.25
PHIL,SBRN,6.3,2.35
PHIL,SFIA,10.9,4.05
PHIL,SANL,4.3,1.6
PHIL,SHAY,5.1,1.9
PHIL,SSAN,6.05,2.25
PHIL,UCTY,5.55,2.05
PHIL,WCRK,1.95,0.7
PHIL,WDUB,5.75,2.15
PHIL,WOAK,3.8,1.4
POWL,RICH,4.65,1.7
POWL,ROCK,3.85,1.4
POWL,SBRN,4.3,1.6
POWL,SFIA,8.95,3.35
POWL,SANL,4.5,1.65
POWL,SHAY,5.3,1.95
POWL,SSAN,3.9,1.45
POWL,UCTY,5.8,2.15
POWL,WCRK,5.25,1.95
POWL,WDUB,5.95,2.2
POWL,WOAK,3.2,1.2
RICH,ROCK,2.7,1.0
RICH,SBRN,5.55,2.05
RICH,SFIA,10.15,3.8
RICH,SANL,3.7,1.35
RICH,SHAY,4.5,1.65
RICH,SSAN,5.3,1.95
RICH,UCTY,5.0,1.85
RICH,WCRK,4.1,1.5
RICH,WDUB,5.15,1.9
RICH,WOAK,3.05,1.1
ROCK,SBRN,4.85,1.8
ROCK,SFIA,9.5,3.55
ROCK,SANL,2.75,1.0
ROCK,SHAY,3.7,1.35
ROCK,SSAN,4.6,1.7
ROCK,UCTY,4.15,1.55
ROCK,WCRK,3.2,1.2
ROCK,WDUB,4.35,1.6
ROCK,WOAK,1.95,0.7
SBRN,SFIA,7.65,2.85
SBRN,SANL,5.4,2.0
SBRN,SHAY,6.2,2.3
SBRN,SSAN,3.2,1.2
SBRN,UCTY,6.7,2.5
SBRN,WCRK,6.15,2.3
SBRN,WDUB,6.85,2.55
SBRN,WOAK,4.55,1.7
SFIA,SANL,10.0,3.75
SFIA,SHAY,10.8,4.05
SFIA,SSAN,7.65,2.85
SFIA,UCTY,11.3,4.2
SFIA,WCRK,10.75,4.0
SFIA,WDUB,11.45,4.25
SFIA,WOAK,9.15,3.4
SANL,SHAY,2.55,0.95
SANL,SSAN,5.15,1.9
SANL,UCTY,3.25,1.2
SANL,WCRK,4.1,1.5
SANL,WDUB,3.5,1.3
SANL,WOAK,2.65,0.95
SHAY,SSAN,5.95,2.2
SHAY,UCTY,1.95,0.7
SHAY,WCRK,4.95,1.85
SHAY,WDUB,3.85,1.4
SHAY,WOAK,3.7,1.35
SSAN,UCTY,6.45,2.4
SSAN,WCRK,5.9,2.2
SSAN,WDUB,6.6,2.45
SSAN,WOAK,4.3,1.6
UCTY,WCRK,5.4,2.0
UCTY,WDUB,4.3,1.6
UCTY,WOAK,4.2,1.55
WCRK,WDUB,5.6,2.1
WCRK,WOAK,3.6,1.35
WDUB,WOAK,4.35,1.6
